{"cameraMode":{"drawMode":0,"name":"Shaded","section":"Shading Mode"},"sceneLighting":true,"audioPlay":false,"sceneViewState":{"m_AlwaysRefresh":false,"showFog":true,"showSkybox":true,"showFlares":true,"showImageEffects":false,"showParticleSystems":true,"showVisualEffectGraphs":true,"m_FxEnabled":true},"in2DMode":false,"pivot":{"x":-201.2360382080078,"y":41.51020431518555,"z":178.23733520507813},"rotation":{"x":-0.0025713276118040087,"y":-0.5141294002532959,"z":0.0015442046569660307,"w":-0.8577132225036621},"size":13.234086036682129,"orthographic":false}