{"cameraMode":{"drawMode":0,"name":"Shaded","section":"Shading Mode"},"sceneLighting":true,"audioPlay":false,"sceneViewState":{"m_AlwaysRefresh":false,"showFog":true,"showSkybox":true,"showFlares":true,"showImageEffects":true,"showParticleSystems":true,"showVisualEffectGraphs":true,"m_FxEnabled":true},"in2DMode":false,"pivot":{"x":-216.11318969726563,"y":42.334625244140628,"z":119.3353500366211},"rotation":{"x":0.027284076437354089,"y":-0.03810485824942589,"z":0.0010772233363240958,"w":0.9989526867866516},"size":1.4180986881256104,"orthographic":false}