{"cameraMode":{"drawMode":0,"name":"Shaded","section":"Shading Mode"},"sceneLighting":true,"audioPlay":false,"sceneViewState":{"m_AlwaysRefresh":false,"showFog":true,"showSkybox":true,"showFlares":true,"showImageEffects":true,"showParticleSystems":true,"showVisualEffectGraphs":true,"m_FxEnabled":true},"in2DMode":false,"pivot":{"x":0.14831674098968507,"y":24.345083236694337,"z":11.754777908325196},"rotation":{"x":0.11390041559934616,"y":-0.19391731917858125,"z":0.02267369069159031,"w":0.9741209149360657},"size":6.376800537109375,"orthographic":false}