{"cameraMode":{"drawMode":0,"name":"Shaded","section":"Shading Mode"},"sceneLighting":true,"audioPlay":false,"sceneViewState":{"m_AlwaysRefresh":false,"showFog":true,"showSkybox":true,"showFlares":true,"showImageEffects":false,"showParticleSystems":true,"showVisualEffectGraphs":true,"m_FxEnabled":true},"in2DMode":false,"pivot":{"x":-216.7113037109375,"y":41.54879379272461,"z":119.14199829101563},"rotation":{"x":0.07571981847286225,"y":-0.13510404527187348,"z":0.010361132211983204,"w":0.9878957867622376},"size":1.7728185653686524,"orthographic":false}