{"cameraMode":{"drawMode":0,"name":"Shaded","section":"Shading Mode"},"sceneLighting":true,"audioPlay":false,"sceneViewState":{"m_AlwaysRefresh":false,"showFog":true,"showSkybox":true,"showFlares":true,"showImageEffects":true,"showParticleSystems":true,"showVisualEffectGraphs":true,"m_FxEnabled":true},"in2DMode":false,"pivot":{"x":-205.70700073242188,"y":39.15681076049805,"z":134.24465942382813},"rotation":{"x":0.11692488193511963,"y":0.3083082139492035,"z":-0.03818322718143463,"w":0.943356990814209},"size":13.222021102905274,"orthographic":false}