{"cameraMode":{"drawMode":0,"name":"Shaded","section":"Shading Mode"},"sceneLighting":true,"audioPlay":false,"sceneViewState":{"m_AlwaysRefresh":false,"showFog":true,"showSkybox":true,"showFlares":true,"showImageEffects":true,"showParticleSystems":true,"showVisualEffectGraphs":true,"m_FxEnabled":true},"in2DMode":false,"pivot":{"x":106.65453338623047,"y":230.06454467773438,"z":562.7539672851563},"rotation":{"x":0.49726083874702456,"y":-0.27912524342536929,"z":0.172831729054451,"w":0.8031073808670044},"size":120.19954681396485,"orthographic":false}