{"cameraMode":{"drawMode":0,"name":"Shaded","section":"Shading Mode"},"sceneLighting":true,"audioPlay":false,"sceneViewState":{"m_AlwaysRefresh":false,"showFog":true,"showSkybox":true,"showFlares":true,"showImageEffects":true,"showParticleSystems":true,"showVisualEffectGraphs":true,"m_FxEnabled":true},"in2DMode":false,"pivot":{"x":-204.0658416748047,"y":27.46034812927246,"z":205.73916625976563},"rotation":{"x":0.11803187429904938,"y":0.09160015732049942,"z":-0.01090109534561634,"w":0.9887696504592896},"size":32.200355529785159,"orthographic":false}